;com_id;com_desc;mun_id;mun_desc;g_id;g_desc;t_id;t_desc;t_link;t_r;f_id;f_desc;f_val;f_u
0;13;Barcelonès;080193;Barcelona;g173;Territori;t176;Indicadors geogràfics;https://www.idescat.cat/pub/?id=inddt&n=396&geo=mun:080193;2016;f271;Superfície;101.35,145.75,32108.00;km2
1;13;Barcelonès;080193;Barcelona;g173;Territori;t176;Indicadors geogràfics;https://www.idescat.cat/pub/?id=inddt&n=396&geo=mun:080193;2016;f258;Altitud;13,_,_;m
2;13;Barcelonès;080193;Barcelona;g173;Territori;t176;Indicadors geogràfics;https://www.idescat.cat/pub/?id=inddt&n=396&geo=mun:080193;2016;f328;Longitud;2.178389,_,_;º
3;13;Barcelonès;080193;Barcelona;g173;Territori;t176;Indicadors geogràfics;https://www.idescat.cat/pub/?id=inddt&n=396&geo=mun:080193;2016;f329;Latitud;41.383531,_,_;º
4;13;Barcelonès;080193;Barcelona;g173;Territori;t176;Indicadors geogràfics;https://www.idescat.cat/pub/?id=inddt&n=396&geo=mun:080193;2016;f259;Coordenades UTM x;431300,_,_;m
5;13;Barcelonès;080193;Barcelona;g173;Territori;t176;Indicadors geogràfics;https://www.idescat.cat/pub/?id=inddt&n=396&geo=mun:080193;2016;f260;Coordenades UTM y;4581740,_,_;m
6;13;Barcelonès;080193;Barcelona;g168;Població;t192;Densitat de població;https://www.idescat.cat/pub/?id=inddt&n=396&geo=mun:080193;2016;f261;Superfície;101.35,145.75,32108.00;km2
7;13;Barcelonès;080193;Barcelona;g168;Població;t192;Densitat de població;https://www.idescat.cat/pub/?id=inddt&n=396&geo=mun:080193;2016;f262;Densitat;15873.2,15319.6,234.3;hab./km2
8;13;Barcelonès;080193;Barcelona;g168;Població;t195;Població. Per sexe;https://www.idescat.cat/pub/?id=pmh&n=446&geo=mun:080193;2016;f318;Homes;761487,1067610,3697368;
9;13;Barcelonès;080193;Barcelona;g168;Població;t195;Població. Per sexe;https://www.idescat.cat/pub/?id=pmh&n=446&geo=mun:080193;2016;f320;Dones;847259,1165223,3825228;
10;13;Barcelonès;080193;Barcelona;g168;Població;t195;Població. Per sexe;https://www.idescat.cat/pub/?id=pmh&n=446&geo=mun:080193;2016;f321;Total;1608746,2232833,7522596;
11;13;Barcelonès;080193;Barcelona;g168;Població;t25;Població. Per grups d'edat;https://www.idescat.cat/pub/?id=pmh&n=498&geo=mun:080193;2016;f167;De 0 a 14 anys;202711,297038,1180054;
12;13;Barcelonès;080193;Barcelona;g168;Població;t25;Població. Per grups d'edat;https://www.idescat.cat/pub/?id=pmh&n=498&geo=mun:080193;2016;f27;De 15 a 64 anys;1058000,1467518,4963265;
13;13;Barcelonès;080193;Barcelona;g168;Població;t25;Població. Per grups d'edat;https://www.idescat.cat/pub/?id=pmh&n=498&geo=mun:080193;2016;f28;De 65 a 84 anys;284203,389061,1158651;
14;13;Barcelonès;080193;Barcelona;g168;Població;t25;Població. Per grups d'edat;https://www.idescat.cat/pub/?id=pmh&n=498&geo=mun:080193;2016;f29;De 85 anys i més;63832,79216,220626;
15;13;Barcelonès;080193;Barcelona;g168;Població;t25;Població. Per grups d'edat;https://www.idescat.cat/pub/?id=pmh&n=498&geo=mun:080193;2016;f171;Total;1608746,2232833,7522596;
16;13;Barcelonès;080193;Barcelona;g168;Població;t31;Població. Per grups d'edat. Homes;https://www.idescat.cat/pub/?id=pmh&n=498&geo=mun:080193;2016;f176;De 0 a 14 anys;104034,152777,607495;
17;13;Barcelonès;080193;Barcelona;g168;Població;t31;Població. Per grups d'edat. Homes;https://www.idescat.cat/pub/?id=pmh&n=498&geo=mun:080193;2016;f33;De 15 a 64 anys;518814,724960,2501018;
18;13;Barcelonès;080193;Barcelona;g168;Població;t31;Població. Per grups d'edat. Homes;https://www.idescat.cat/pub/?id=pmh&n=498&geo=mun:080193;2016;f34;De 65 a 84 anys;119543,165834,517961;
19;13;Barcelonès;080193;Barcelona;g168;Població;t31;Població. Per grups d'edat. Homes;https://www.idescat.cat/pub/?id=pmh&n=498&geo=mun:080193;2016;f35;De 85 anys i més;19096,24039,70894;
20;13;Barcelonès;080193;Barcelona;g168;Població;t31;Població. Per grups d'edat. Homes;https://www.idescat.cat/pub/?id=pmh&n=498&geo=mun:080193;2016;f36;Total;761487,1067610,3697368;
21;13;Barcelonès;080193;Barcelona;g168;Població;t37;Població. Per grups d'edat. Dones;https://www.idescat.cat/pub/?id=pmh&n=498&geo=mun:080193;2016;f38;De 0 a 14 anys;98677,144261,572559;
22;13;Barcelonès;080193;Barcelona;g168;Població;t37;Població. Per grups d'edat. Dones;https://www.idescat.cat/pub/?id=pmh&n=498&geo=mun:080193;2016;f39;De 15 a 64 anys;539186,742558,2462247;
23;13;Barcelonès;080193;Barcelona;g168;Població;t37;Població. Per grups d'edat. Dones;https://www.idescat.cat/pub/?id=pmh&n=498&geo=mun:080193;2016;f40;De 65 a 84 anys;164660,223227,640690;
24;13;Barcelonès;080193;Barcelona;g168;Població;t37;Població. Per grups d'edat. Dones;https://www.idescat.cat/pub/?id=pmh&n=498&geo=mun:080193;2016;f41;De 85 anys i més;44736,55177,149732;
25;13;Barcelonès;080193;Barcelona;g168;Població;t37;Població. Per grups d'edat. Dones;https://www.idescat.cat/pub/?id=pmh&n=498&geo=mun:080193;2016;f42;Total;847259,1165223,3825228;
26;13;Barcelonès;080193;Barcelona;g168;Població;t68;Població. Per lloc de naixement;https://www.idescat.cat/pub/?id=pmh&n=674&geo=mun:080193;2016;f69;Catalunya;957374,1298139,4880987;
27;13;Barcelonès;080193;Barcelona;g168;Població;t68;Població. Per lloc de naixement;https://www.idescat.cat/pub/?id=pmh&n=674&geo=mun:080193;2016;f72;Resta d'Espanya;289782,438365,1348713;
28;13;Barcelonès;080193;Barcelona;g168;Població;t68;Població. Per lloc de naixement;https://www.idescat.cat/pub/?id=pmh&n=674&geo=mun:080193;2016;f73;Estranger;361590,496329,1292896;
29;13;Barcelonès;080193;Barcelona;g168;Població;t68;Població. Per lloc de naixement;https://www.idescat.cat/pub/?id=pmh&n=674&geo=mun:080193;2016;f74;Total;1608746,2232833,7522596;
30;13;Barcelonès;080193;Barcelona;g168;Població;t75;Població. Per nacionalitat;https://www.idescat.cat/pub/?id=pmh&n=680&geo=mun:080193;2016;f183;Espanyola;1342423,1867082,6499198;
31;13;Barcelonès;080193;Barcelona;g168;Població;t75;Població. Per nacionalitat;https://www.idescat.cat/pub/?id=pmh&n=680&geo=mun:080193;2016;f184;Estrangera;266323,365751,1023398;
32;13;Barcelonès;080193;Barcelona;g168;Població;t75;Població. Per nacionalitat;https://www.idescat.cat/pub/?id=pmh&n=680&geo=mun:080193;2016;f263;Total;1608746,2232833,7522596;
33;13;Barcelonès;080193;Barcelona;g168;Població;t78;Població. Per nacionalitat. Homes;https://www.idescat.cat/pub/?id=pmh&n=680&geo=mun:080193;2016;f178;Espanyola;626326,879687,3166000;
34;13;Barcelonès;080193;Barcelona;g168;Població;t78;Població. Per nacionalitat. Homes;https://www.idescat.cat/pub/?id=pmh&n=680&geo=mun:080193;2016;f77;Estrangera;135161,187923,531368;
35;13;Barcelonès;080193;Barcelona;g168;Població;t78;Població. Per nacionalitat. Homes;https://www.idescat.cat/pub/?id=pmh&n=680&geo=mun:080193;2016;f264;Total;761487,1067610,3697368;
36;13;Barcelonès;080193;Barcelona;g168;Població;t81;Població. Per nacionalitat. Dones;https://www.idescat.cat/pub/?id=pmh&n=680&geo=mun:080193;2016;f82;Espanyola;716097,987395,3333198;
37;13;Barcelonès;080193;Barcelona;g168;Població;t81;Població. Per nacionalitat. Dones;https://www.idescat.cat/pub/?id=pmh&n=680&geo=mun:080193;2016;f83;Estrangera;131162,177828,492030;
38;13;Barcelonès;080193;Barcelona;g168;Població;t81;Població. Per nacionalitat. Dones;https://www.idescat.cat/pub/?id=pmh&n=680&geo=mun:080193;2016;f265;Total;847259,1165223,3825228;
39;13;Barcelonès;080193;Barcelona;g168;Població;t84;Població de 16 anys i més. Per nivell d'instrucció;https://www.idescat.cat/pub/?id=censph&n=15&geo=mun:080193;2011;f85;Sense titulació;104138,180541,623324;
40;13;Barcelonès;080193;Barcelona;g168;Població;t84;Població de 16 anys i més. Per nivell d'instrucció;https://www.idescat.cat/pub/?id=censph&n=15&geo=mun:080193;2011;f86;Primer grau;162261,247905,837313;
41;13;Barcelonès;080193;Barcelona;g168;Població;t84;Població de 16 anys i més. Per nivell d'instrucció;https://www.idescat.cat/pub/?id=censph&n=15&geo=mun:080193;2011;f87;Segon grau;678572,976833,3498064;
42;13;Barcelonès;080193;Barcelona;g168;Població;t84;Població de 16 anys i més. Per nivell d'instrucció;https://www.idescat.cat/pub/?id=censph&n=15&geo=mun:080193;2011;f88;Ensenyament universitari;444364,511866,1264747;
43;13;Barcelonès;080193;Barcelona;g168;Població;t84;Població de 16 anys i més. Per nivell d'instrucció;https://www.idescat.cat/pub/?id=censph&n=15&geo=mun:080193;2011;f89;Total;1389336,1917145,6223448;
44;13;Barcelonès;080193;Barcelona;g168;Població;t197;Població resident a l'estranger a 1 de gener. Per sexe;https://www.idescat.cat/pub/?id=phre&n=3697&geo=mun:080193;2017;f334;Homes;67977,74958,143150;
45;13;Barcelonès;080193;Barcelona;g168;Població;t197;Població resident a l'estranger a 1 de gener. Per sexe;https://www.idescat.cat/pub/?id=phre&n=3697&geo=mun:080193;2017;f335;Dones;68891,75832,141224;
46;13;Barcelonès;080193;Barcelona;g168;Població;t197;Població resident a l'estranger a 1 de gener. Per sexe;https://www.idescat.cat/pub/?id=phre&n=3697&geo=mun:080193;2017;f336;Total;136868,150790,284374;
47;13;Barcelonès;080193;Barcelona;g168;Població;t198;Població ETCA (equivalent a temps complet anual);https://www.idescat.cat/pub/?id=epe&n=5466&geo=mun:080193;2015;f341;Població resident;1604555,2225144,_;
48;13;Barcelonès;080193;Barcelona;g168;Població;t198;Població ETCA (equivalent a temps complet anual);https://www.idescat.cat/pub/?id=epe&n=5466&geo=mun:080193;2015;f342;Població estacional ETCA;68302,19205,_;
49;13;Barcelonès;080193;Barcelona;g168;Població;t198;Població ETCA (equivalent a temps complet anual);https://www.idescat.cat/pub/?id=epe&n=5466&geo=mun:080193;2015;f343;Total;1672857,2244349,_;
50;13;Barcelonès;080193;Barcelona;g168;Població;t198;Població ETCA (equivalent a temps complet anual);https://www.idescat.cat/pub/?id=epe&n=5466&geo=mun:080193;2015;f344;Població ETCA / població resident;104.3,100.9,_;%
51;13;Barcelonès;080193;Barcelona;g168;Població;t211;Mobilitat obligada per raó d'estudi (edat escolar);https://www.idescat.cat/pub/?geo=mun:080193&id=emoesc&n=8809;Curs 2015-2016;f380;Alumnes residents;203479,300436,1205764;
52;13;Barcelonès;080193;Barcelona;g168;Població;t211;Mobilitat obligada per raó d'estudi (edat escolar);https://www.idescat.cat/pub/?geo=mun:080193&id=emoesc&n=8809;Curs 2015-2016;f381;Alumnes residents que estudien al mateix municipi;97.5,93.7,84.0;%
53;13;Barcelonès;080193;Barcelona;g168;Població;t164;Naixements. Per sexe;https://www.idescat.cat/pub/?id=naix&n=364&geo=mun:080193;2016;f185;Nens;7146,10183,35255;
54;13;Barcelonès;080193;Barcelona;g168;Població;t164;Naixements. Per sexe;https://www.idescat.cat/pub/?id=naix&n=364&geo=mun:080193;2016;f186;Nenes;6811,9690,33379;
55;13;Barcelonès;080193;Barcelona;g168;Població;t164;Naixements. Per sexe;https://www.idescat.cat/pub/?id=naix&n=364&geo=mun:080193;2016;f187;Total;13957,19873,68634;
56;13;Barcelonès;080193;Barcelona;g168;Població;t165;Defuncions. Per sexe;https://www.idescat.cat/pub/?id=def&n=365&geo=mun:080193;2015;f181;Homes;7507,10102,32212;
57;13;Barcelonès;080193;Barcelona;g168;Població;t165;Defuncions. Per sexe;https://www.idescat.cat/pub/?id=def&n=365&geo=mun:080193;2015;f182;Dones;8496,10930,32654;
58;13;Barcelonès;080193;Barcelona;g168;Població;t165;Defuncions. Per sexe;https://www.idescat.cat/pub/?id=def&n=365&geo=mun:080193;2015;f188;Total;16003,21032,64866;
59;13;Barcelonès;080193;Barcelona;g168;Població;t166;Matrimonis;https://www.idescat.cat/pub/?id=mat&n=317&geo=mun:080193;2016;f179;Total;5787,8030,28631;
60;13;Barcelonès;080193;Barcelona;g168;Població;t196;Migracions internes. Saldos destinació-procedència;https://www.idescat.cat/pub/?id=mm&n=223&geo=mun:080193;2016;f322;Saldo amb Catalunya;-7053,-7627,_;
61;13;Barcelonès;080193;Barcelona;g168;Població;t196;Migracions internes. Saldos destinació-procedència;https://www.idescat.cat/pub/?id=mm&n=223&geo=mun:080193;2016;f323;Saldo amb Espanya;2007,2101,3889;
62;13;Barcelonès;080193;Barcelona;g168;Població;t196;Migracions internes. Saldos destinació-procedència;https://www.idescat.cat/pub/?id=mm&n=223&geo=mun:080193;2016;f324;Saldo migratori intern;-5046,-5526,3889;
63;13;Barcelonès;080193;Barcelona;g168;Població;t208;Migracions externes;https://www.idescat.cat/pub/?id=mm&n=5489&geo=mun:080193;2016;f372;Immigracions;49496,63166,128474;
64;13;Barcelonès;080193;Barcelona;g168;Població;t208;Migracions externes;https://www.idescat.cat/pub/?id=mm&n=5489&geo=mun:080193;2016;f373;Emigracions;23388,32593,83241;
65;13;Barcelonès;080193;Barcelona;g168;Població;t194;Immigracions externes. Per lloc de procedència;https://www.idescat.cat/pub/?id=mm&n=487&geo=mun:080193;2016;f314;Resta de la UE;11102,12220,25505;
66;13;Barcelonès;080193;Barcelona;g168;Població;t194;Immigracions externes. Per lloc de procedència;https://www.idescat.cat/pub/?id=mm&n=487&geo=mun:080193;2016;f316;Resta del món;38394,50946,102969;
67;13;Barcelonès;080193;Barcelona;g168;Població;t194;Immigracions externes. Per lloc de procedència;https://www.idescat.cat/pub/?id=mm&n=487&geo=mun:080193;2016;f317;Total;49496,63166,128474;
68;13;Barcelonès;080193;Barcelona;g168;Població;t52;Creixement de la població;https://www.idescat.cat/pub/?id=inddt&geo=mun:080193;2016;f330;Taxa bruta de natalitat;_,8.98,9.20;
69;13;Barcelonès;080193;Barcelona;g168;Població;t52;Creixement de la població;https://www.idescat.cat/pub/?id=inddt&geo=mun:080193;2016;f331;Taxa bruta de mortalitat;10.08,9.56,8.72;
70;13;Barcelonès;080193;Barcelona;g168;Població;t52;Creixement de la població;https://www.idescat.cat/pub/?id=inddt&geo=mun:080193;2016;f54;Creixement natural;-1.19,-0.37,0.75;
71;13;Barcelonès;080193;Barcelona;g168;Població;t52;Creixement de la població;https://www.idescat.cat/pub/?id=inddt&geo=mun:080193;2016;f55;Creixement migratori;4.76,5.16,2.42;
72;13;Barcelonès;080193;Barcelona;g168;Població;t52;Creixement de la població;https://www.idescat.cat/pub/?id=inddt&geo=mun:080193;2016;f53;Creixement total;3.57,4.79,3.17;
73;13;Barcelonès;080193;Barcelona;g168;Població;t202;Creixement intercensal 2001-2011 de la població;https://www.idescat.cat/pub/?id=censph&n=97&geo=mun:080193;2011;f359;Creixement total;107129,146852,1176733;
74;13;Barcelonès;080193;Barcelona;g168;Població;t202;Creixement intercensal 2001-2011 de la població;https://www.idescat.cat/pub/?id=censph&n=97&geo=mun:080193;2011;f360;Creixement total (mitjana anual);6.88,6.78,16.98;taxa per 1.000 habitants
75;13;Barcelonès;080193;Barcelona;g168;Població;t202;Creixement intercensal 2001-2011 de la població;https://www.idescat.cat/pub/?id=censph&n=97&geo=mun:080193;2011;f361;Creixement natural (mitjana anual);-0.76,0.37,3.04;taxa per 1.000 habitants
76;13;Barcelonès;080193;Barcelona;g168;Població;t202;Creixement intercensal 2001-2011 de la població;https://www.idescat.cat/pub/?id=censph&n=97&geo=mun:080193;2011;f362;Creixement migratori (mitjana anual);7.64,6.4,13.94;taxa per 1.000 habitants
77;13;Barcelonès;080193;Barcelona;g171;Habitatges i llars;t116;Habitatges familiars. Per tipus;https://www.idescat.cat/pub/?id=censph&n=30&geo=mun:080193;2011;f250;Principals;684078,926583,2944944;
78;13;Barcelonès;080193;Barcelona;g171;Habitatges i llars;t116;Habitatges familiars. Per tipus;https://www.idescat.cat/pub/?id=censph&n=30&geo=mun:080193;2011;f119;Secundaris;38769,42990,470081;
79;13;Barcelonès;080193;Barcelona;g171;Habitatges i llars;t116;Habitatges familiars. Per tipus;https://www.idescat.cat/pub/?id=censph&n=30&geo=mun:080193;2011;f120;Buits;88259,109679,448356;
80;13;Barcelonès;080193;Barcelona;g171;Habitatges i llars;t116;Habitatges familiars. Per tipus;https://www.idescat.cat/pub/?id=censph&n=30&geo=mun:080193;2011;f122;Total;811106,1079252,3863381;
81;13;Barcelonès;080193;Barcelona;g171;Habitatges i llars;t124;Habitatges familiars principals. Per règim de tinença;https://www.idescat.cat/pub/?id=censph&n=310&geo=mun:080193;2011;f126;De propietat;437631,624888,2188657;
82;13;Barcelonès;080193;Barcelona;g171;Habitatges i llars;t124;Habitatges familiars principals. Per règim de tinença;https://www.idescat.cat/pub/?id=censph&n=310&geo=mun:080193;2011;f128;De lloguer;205912,251347,582701;
83;13;Barcelonès;080193;Barcelona;g171;Habitatges i llars;t124;Habitatges familiars principals. Per règim de tinença;https://www.idescat.cat/pub/?id=censph&n=310&geo=mun:080193;2011;f130;Altra forma;40534,50348,173586;
84;13;Barcelonès;080193;Barcelona;g171;Habitatges i llars;t124;Habitatges familiars principals. Per règim de tinença;https://www.idescat.cat/pub/?id=censph&n=310&geo=mun:080193;2011;f131;Total;684078,926583,2944944;
85;13;Barcelonès;080193;Barcelona;g171;Habitatges i llars;t177;Habitatges familiars principals. Per superfície útil;https://www.idescat.cat/pub/?id=censph&n=7008&geo=mun:080193;2011;f189;Fins a 60 m2;192917,272366,538966;
86;13;Barcelonès;080193;Barcelona;g171;Habitatges i llars;t177;Habitatges familiars principals. Per superfície útil;https://www.idescat.cat/pub/?id=censph&n=7008&geo=mun:080193;2011;f190;De 61 a 90 m2;348922,484479,1476187;
87;13;Barcelonès;080193;Barcelona;g171;Habitatges i llars;t177;Habitatges familiars principals. Per superfície útil;https://www.idescat.cat/pub/?id=censph&n=7008&geo=mun:080193;2011;f191;De 91 a 120 m2;96794,118656,560379;
88;13;Barcelonès;080193;Barcelona;g171;Habitatges i llars;t177;Habitatges familiars principals. Per superfície útil;https://www.idescat.cat/pub/?id=censph&n=7008&geo=mun:080193;2011;f192;De 121  i més m2;45445,51083,369412;
89;13;Barcelonès;080193;Barcelona;g171;Habitatges i llars;t177;Habitatges familiars principals. Per superfície útil;https://www.idescat.cat/pub/?id=censph&n=7008&geo=mun:080193;2011;f193;Total;684078,926583,2944944;
90;13;Barcelonès;080193;Barcelona;g171;Habitatges i llars;t97;Llars. Per grandària de la llar;https://www.idescat.cat/pub/?id=censph&n=8274&geo=mun:080193;2011;f98;Una persona;198052,249997,686810;
91;13;Barcelonès;080193;Barcelona;g171;Habitatges i llars;t97;Llars. Per grandària de la llar;https://www.idescat.cat/pub/?id=censph&n=8274&geo=mun:080193;2011;f99;Dues persones;230095,308382,933679;
92;13;Barcelonès;080193;Barcelona;g171;Habitatges i llars;t97;Llars. Per grandària de la llar;https://www.idescat.cat/pub/?id=censph&n=8274&geo=mun:080193;2011;f100;Tres persones;127577,182573,631635;
93;13;Barcelonès;080193;Barcelona;g171;Habitatges i llars;t97;Llars. Per grandària de la llar;https://www.idescat.cat/pub/?id=censph&n=8274&geo=mun:080193;2011;f101;Quatre persones i més;128355,185630,692821;
94;13;Barcelonès;080193;Barcelona;g171;Habitatges i llars;t97;Llars. Per grandària de la llar;https://www.idescat.cat/pub/?id=censph&n=8274&geo=mun:080193;2011;f107;Total;684078,926583,2944944;
95;13;Barcelonès;080193;Barcelona;g171;Habitatges i llars;t108;Llars. Per tipus de nucli;https://www.idescat.cat/pub/?id=censph&n=531&geo=mun:080193;2011;f109;Una persona;198052,249997,686810;
96;13;Barcelonès;080193;Barcelona;g171;Habitatges i llars;t108;Llars. Per tipus de nucli;https://www.idescat.cat/pub/?id=censph&n=531&geo=mun:080193;2011;f110;Dues persones o més sense nucli;37109,46421,100637;
97;13;Barcelonès;080193;Barcelona;g171;Habitatges i llars;t108;Llars. Per tipus de nucli;https://www.idescat.cat/pub/?id=censph&n=531&geo=mun:080193;2011;f111;Parella sense fills;166475,226802,725737;
98;13;Barcelonès;080193;Barcelona;g171;Habitatges i llars;t108;Llars. Per tipus de nucli;https://www.idescat.cat/pub/?id=censph&n=531&geo=mun:080193;2011;f112;Parella amb fills;190647,278291,1059975;
99;13;Barcelonès;080193;Barcelona;g171;Habitatges i llars;t108;Llars. Per tipus de nucli;https://www.idescat.cat/pub/?id=censph&n=531&geo=mun:080193;2011;f113;Pare o mare amb fills;77680,104625,308995;
100;13;Barcelonès;080193;Barcelona;g171;Habitatges i llars;t108;Llars. Per tipus de nucli;https://www.idescat.cat/pub/?id=censph&n=531&geo=mun:080193;2011;f114;Dos nuclis o més;14115,20447,62789;
101;13;Barcelonès;080193;Barcelona;g171;Habitatges i llars;t108;Llars. Per tipus de nucli;https://www.idescat.cat/pub/?id=censph&n=531&geo=mun:080193;2011;f115;Total;684078,926583,2944944;
102;13;Barcelonès;080193;Barcelona;g163;Macromagnituds i impostos;t1;Producte interior brut (base 2010);https://www.idescat.cat/pub/?geo=mun:080193&id=pibc&n=8276#Plegable=geo;2014;f2;PIB;64567.3,75769.4,206776.3;milions d'euros
103;13;Barcelonès;080193;Barcelona;g163;Macromagnituds i impostos;t1;Producte interior brut (base 2010);https://www.idescat.cat/pub/?geo=mun:080193&id=pibc&n=8276#Plegable=geo;2014;f3;PIB per habitant;40.8,34.5,27.8;milers d'euros
104;13;Barcelonès;080193;Barcelona;g163;Macromagnituds i impostos;t1;Producte interior brut (base 2010);https://www.idescat.cat/pub/?geo=mun:080193&id=pibc&n=8276#Plegable=geo;2014;f4;PIB per habitant;146.6,123.9,100.0;índex Catalunya=100
105;13;Barcelonès;080193;Barcelona;g163;Macromagnituds i impostos;t178;Valor afegit brut (base 2010). Per sectors;https://www.idescat.cat/pub/?id=pibc&n=8277&geo=mun:080193#Plegable=geo;2014;f194;Agricultura;10.1,10.5,1947.7;
106;13;Barcelonès;080193;Barcelona;g163;Macromagnituds i impostos;t178;Valor afegit brut (base 2010). Per sectors;https://www.idescat.cat/pub/?id=pibc&n=8277&geo=mun:080193#Plegable=geo;2014;f195;Indústria;5021.3,6106.4,37533.7;
107;13;Barcelonès;080193;Barcelona;g163;Macromagnituds i impostos;t178;Valor afegit brut (base 2010). Per sectors;https://www.idescat.cat/pub/?id=pibc&n=8277&geo=mun:080193#Plegable=geo;2014;f196;Construcció;2033.2,2541.4,8882.4;
108;13;Barcelonès;080193;Barcelona;g163;Macromagnituds i impostos;t178;Valor afegit brut (base 2010). Per sectors;https://www.idescat.cat/pub/?id=pibc&n=8277&geo=mun:080193#Plegable=geo;2014;f197;Serveis;52463.1,61197.2,142273.3;
109;13;Barcelonès;080193;Barcelona;g163;Macromagnituds i impostos;t178;Valor afegit brut (base 2010). Per sectors;https://www.idescat.cat/pub/?id=pibc&n=8277&geo=mun:080193#Plegable=geo;2014;f251;Total;59527.8,69855.5,190637.2;
110;13;Barcelonès;080193;Barcelona;g163;Macromagnituds i impostos;t180;Valor afegit brut (base 2010). Indústria. Per branques;https://www.idescat.cat/pub/?geo=mun:080193&id=pibc&n=8279#Plegable=geo;2014;f364;Indústries extractives, energia, aigua i residus;1715.5,1917.4,5611.0;
111;13;Barcelonès;080193;Barcelona;g163;Macromagnituds i impostos;t180;Valor afegit brut (base 2010). Indústria. Per branques;https://www.idescat.cat/pub/?geo=mun:080193&id=pibc&n=8279#Plegable=geo;2014;f365;Alimentació, tèxtil, fusta, arts gràfiques, química i cautxú;2132.4,2557.9,18947.2;
112;13;Barcelonès;080193;Barcelona;g163;Macromagnituds i impostos;t180;Valor afegit brut (base 2010). Indústria. Per branques;https://www.idescat.cat/pub/?geo=mun:080193&id=pibc&n=8279#Plegable=geo;2014;f207;Metal·lúrgia, maquinària, material elèctric i de transport;1173.5,1631.0,12975.5;
113;13;Barcelonès;080193;Barcelona;g163;Macromagnituds i impostos;t180;Valor afegit brut (base 2010). Indústria. Per branques;https://www.idescat.cat/pub/?geo=mun:080193&id=pibc&n=8279#Plegable=geo;2014;f208;Total;5021.3,6106.4,37533.7;
114;13;Barcelonès;080193;Barcelona;g163;Macromagnituds i impostos;t181;Valor afegit brut (base 2010). Serveis. Per branques;https://www.idescat.cat/pub/?id=pibc&n=8281&geo=mun:080193#Plegable=geo;2014;f209;Comerç;8757.3,10799.8,30649.8;
115;13;Barcelonès;080193;Barcelona;g163;Macromagnituds i impostos;t181;Valor afegit brut (base 2010). Serveis. Per branques;https://www.idescat.cat/pub/?id=pibc&n=8281&geo=mun:080193#Plegable=geo;2014;f211;Transport, informació i comunicacions;8085.4,8990.6,17458.5;
116;13;Barcelonès;080193;Barcelona;g163;Macromagnituds i impostos;t181;Valor afegit brut (base 2010). Serveis. Per branques;https://www.idescat.cat/pub/?id=pibc&n=8281&geo=mun:080193#Plegable=geo;2014;f210;Hostaleria;4211.2,4647.1,11034.9;
117;13;Barcelonès;080193;Barcelona;g163;Macromagnituds i impostos;t181;Valor afegit brut (base 2010). Serveis. Per branques;https://www.idescat.cat/pub/?id=pibc&n=8281&geo=mun:080193#Plegable=geo;2014;f212;Act. financeres i assegurances;3568.1,3925.8,7670.9;
118;13;Barcelonès;080193;Barcelona;g163;Macromagnituds i impostos;t181;Valor afegit brut (base 2010). Serveis. Per branques;https://www.idescat.cat/pub/?id=pibc&n=8281&geo=mun:080193#Plegable=geo;2014;f213;Act. immobiliàries, tècniques i administratives;14775.0,17452.6,40401.9;
119;13;Barcelonès;080193;Barcelona;g163;Macromagnituds i impostos;t181;Valor afegit brut (base 2010). Serveis. Per branques;https://www.idescat.cat/pub/?id=pibc&n=8281&geo=mun:080193#Plegable=geo;2014;f214;Administració pública i altres serveis;13066.1,15381.2,35057.3;
120;13;Barcelonès;080193;Barcelona;g163;Macromagnituds i impostos;t181;Valor afegit brut (base 2010). Serveis. Per branques;https://www.idescat.cat/pub/?id=pibc&n=8281&geo=mun:080193#Plegable=geo;2014;f253;Total;52463.1,61197.2,142273.3;
121;13;Barcelonès;080193;Barcelona;g163;Macromagnituds i impostos;t5;Renda familiar disponible bruta (base 2010);https://www.idescat.cat/pub/?id=rfdbc&n=8224&geo=mun:080193;2014;f6;RFDB;30952878,40765611,122253138;milers d'euros
122;13;Barcelonès;080193;Barcelona;g163;Macromagnituds i impostos;t5;Renda familiar disponible bruta (base 2010);https://www.idescat.cat/pub/?id=rfdbc&n=8224&geo=mun:080193;2014;f7;RFDB per habitant;19.6,18.6,16.5;milers d'euros
123;13;Barcelonès;080193;Barcelona;g163;Macromagnituds i impostos;t5;Renda familiar disponible bruta (base 2010);https://www.idescat.cat/pub/?id=rfdbc&n=8224&geo=mun:080193;2014;f8;RFDB per habitant;118.9,112.8,100.0;índex Catalunya=100
124;13;Barcelonès;080193;Barcelona;g163;Macromagnituds i impostos;t9;Impost sobre la renda de les persones físiques (IRPF);https://www.idescat.cat/pub/?id=irpf&n=4070&geo=mun:080193;2014;f10;Base imposable general per declarant;24886,23103,20900;
125;13;Barcelonès;080193;Barcelona;g163;Macromagnituds i impostos;t9;Impost sobre la renda de les persones físiques (IRPF);https://www.idescat.cat/pub/?id=irpf&n=4070&geo=mun:080193;2014;f11;Quota resultant de l'autoliquidació per declarant;7905,7034,5855;
126;13;Barcelonès;080193;Barcelona;g163;Macromagnituds i impostos;t179;Impost de béns immobles urbans (IBI);https://www.idescat.cat/pub/?id=ibi&n=173&geo=mun:080193;2016;f198;Nombre de rebuts;1130927,1519112,5805013;
127;13;Barcelonès;080193;Barcelona;g163;Macromagnituds i impostos;t179;Impost de béns immobles urbans (IBI);https://www.idescat.cat/pub/?id=ibi&n=173&geo=mun:080193;2016;f199;Base imposable per rebut;87491.9,78049.8,65929.0;euros
128;13;Barcelonès;080193;Barcelona;g163;Macromagnituds i impostos;t179;Impost de béns immobles urbans (IBI);https://www.idescat.cat/pub/?id=ibi&n=173&geo=mun:080193;2016;f200;Quota íntegra per rebut;703.6,621.9,484.6;euros
129;13;Barcelonès;080193;Barcelona;g163;Macromagnituds i impostos;t167;Impost sobre el patrimoni de les persones físiques (IPPF);https://www.idescat.cat/pub/?id=ippf&n=382&geo=mun:080193;2007;f180;Patrimoni total per declarant;631040,604846,516035;euros
130;13;Barcelonès;080193;Barcelona;g163;Macromagnituds i impostos;t167;Impost sobre el patrimoni de les persones físiques (IPPF);https://www.idescat.cat/pub/?id=ippf&n=382&geo=mun:080193;2007;f202;Actius reals;34.8,35.0,37.4;%
131;13;Barcelonès;080193;Barcelona;g163;Macromagnituds i impostos;t167;Impost sobre el patrimoni de les persones físiques (IPPF);https://www.idescat.cat/pub/?id=ippf&n=382&geo=mun:080193;2007;f203;Actius financers;65.2,65.0,62.6;%
132;13;Barcelonès;080193;Barcelona;g170;Sectors econòmics;t132;Superfície agrícola utilitzada (SAU);https://www.idescat.cat/pub/?id=censag&n=5173&geo=mun:080193;2009;f133;Terres llaurades;661,758,792425;
133;13;Barcelonès;080193;Barcelona;g170;Sectors econòmics;t132;Superfície agrícola utilitzada (SAU);https://www.idescat.cat/pub/?id=censag&n=5173&geo=mun:080193;2009;f134;Pastures permanents;20,27,355107;
134;13;Barcelonès;080193;Barcelona;g170;Sectors econòmics;t132;Superfície agrícola utilitzada (SAU);https://www.idescat.cat/pub/?id=censag&n=5173&geo=mun:080193;2009;f345;Total;680,785,1147532;
135;13;Barcelonès;080193;Barcelona;g170;Sectors econòmics;t199;Terres llaurades. Per tipus de conreu;https://www.idescat.cat/pub/?id=censag&n=5084&geo=mun:080193;2009;f346;Herbacis;480,533,511150;
136;13;Barcelonès;080193;Barcelona;g170;Sectors econòmics;t199;Terres llaurades. Per tipus de conreu;https://www.idescat.cat/pub/?id=censag&n=5084&geo=mun:080193;2009;f347;Fruiters;30,32,110819;
137;13;Barcelonès;080193;Barcelona;g170;Sectors econòmics;t199;Terres llaurades. Per tipus de conreu;https://www.idescat.cat/pub/?id=censag&n=5084&geo=mun:080193;2009;f348;Olivera;75,98,101236;
138;13;Barcelonès;080193;Barcelona;g170;Sectors econòmics;t199;Terres llaurades. Per tipus de conreu;https://www.idescat.cat/pub/?id=censag&n=5084&geo=mun:080193;2009;f349;Vinya;75,93,61391;
139;13;Barcelonès;080193;Barcelona;g170;Sectors econòmics;t199;Terres llaurades. Per tipus de conreu;https://www.idescat.cat/pub/?id=censag&n=5084&geo=mun:080193;2009;f350;Altres;1,1,7829;
140;13;Barcelonès;080193;Barcelona;g170;Sectors econòmics;t199;Terres llaurades. Per tipus de conreu;https://www.idescat.cat/pub/?id=censag&n=5084&geo=mun:080193;2009;f351;Total;661,758,792425;
141;13;Barcelonès;080193;Barcelona;g170;Sectors econòmics;t200;Explotacions agràries. Segons tinença de terres;https://www.idescat.cat/pub/?id=censag&n=5172&geo=mun:080193;2009;f352;Sense terres;0,0,1519;
142;13;Barcelonès;080193;Barcelona;g170;Sectors econòmics;t200;Explotacions agràries. Segons tinença de terres;https://www.idescat.cat/pub/?id=censag&n=5172&geo=mun:080193;2009;f353;Amb terres;54,70,59320;
143;13;Barcelonès;080193;Barcelona;g170;Sectors econòmics;t200;Explotacions agràries. Segons tinença de terres;https://www.idescat.cat/pub/?id=censag&n=5172&geo=mun:080193;2009;f356;Total;54,70,60839;
144;13;Barcelonès;080193;Barcelona;g170;Sectors econòmics;t137;Explotacions agràries. Segons tinença de ramaderia;https://www.idescat.cat/pub/?id=censag&n=5172&geo=mun:080193;2009;f139;Sense ramaderia;51,65,47172;
145;13;Barcelonès;080193;Barcelona;g170;Sectors econòmics;t137;Explotacions agràries. Segons tinença de ramaderia;https://www.idescat.cat/pub/?id=censag&n=5172&geo=mun:080193;2009;f204;Amb ramaderia;3,5,13667;
146;13;Barcelonès;080193;Barcelona;g170;Sectors econòmics;t137;Explotacions agràries. Segons tinença de ramaderia;https://www.idescat.cat/pub/?id=censag&n=5172&geo=mun:080193;2009;f138;Total;54,70,60839;
147;13;Barcelonès;080193;Barcelona;g170;Sectors econòmics;t140;Caps de bestiar. Per espècies;https://www.idescat.cat/pub/?id=censag&n=5107&geo=mun:080193;2009;f141;Bovins;0,0,544135;
148;13;Barcelonès;080193;Barcelona;g170;Sectors econòmics;t140;Caps de bestiar. Per espècies;https://www.idescat.cat/pub/?id=censag&n=5107&geo=mun:080193;2009;f142;Ovins;0,5,600082;
149;13;Barcelonès;080193;Barcelona;g170;Sectors econòmics;t140;Caps de bestiar. Per espècies;https://www.idescat.cat/pub/?id=censag&n=5107&geo=mun:080193;2009;f252;Cabrum;0,25,71748;
150;13;Barcelonès;080193;Barcelona;g170;Sectors econòmics;t140;Caps de bestiar. Per espècies;https://www.idescat.cat/pub/?id=censag&n=5107&geo=mun:080193;2009;f144;Porcins;0,0,6742638;
151;13;Barcelonès;080193;Barcelona;g170;Sectors econòmics;t140;Caps de bestiar. Per espècies;https://www.idescat.cat/pub/?id=censag&n=5107&geo=mun:080193;2009;f145;Aviram;22,22,43890563;
152;13;Barcelonès;080193;Barcelona;g170;Sectors econòmics;t140;Caps de bestiar. Per espècies;https://www.idescat.cat/pub/?id=censag&n=5107&geo=mun:080193;2009;f146;Conilles mares;0,0,335054;
153;13;Barcelonès;080193;Barcelona;g170;Sectors econòmics;t140;Caps de bestiar. Per espècies;https://www.idescat.cat/pub/?id=censag&n=5107&geo=mun:080193;2009;f147;Equins;8,8,19352;
154;13;Barcelonès;080193;Barcelona;g170;Sectors econòmics;t12;Construcció d'habitatges;https://www.idescat.cat/pub/?id=habit&n=86&geo=mun:080193;2016;f13;Habitatges iniciats de protecció oficial;304,561,879;
155;13;Barcelonès;080193;Barcelona;g170;Sectors econòmics;t12;Construcció d'habitatges;https://www.idescat.cat/pub/?id=habit&n=86&geo=mun:080193;2016;f14;Habitatges iniciats;1233,2420,8317;
156;13;Barcelonès;080193;Barcelona;g170;Sectors econòmics;t182;Allotjaments turístics;https://www.idescat.cat/pub/?id=turall&geo=mun:080193;2016;f215;Hotels;702,728,2978;
157;13;Barcelonès;080193;Barcelona;g170;Sectors econòmics;t182;Allotjaments turístics;https://www.idescat.cat/pub/?id=turall&geo=mun:080193;2016;f216;Places d'hotels;74876,79455,309486;
158;13;Barcelonès;080193;Barcelona;g170;Sectors econòmics;t182;Allotjaments turístics;https://www.idescat.cat/pub/?id=turall&geo=mun:080193;2016;f217;Càmpings;0,0,350;
159;13;Barcelonès;080193;Barcelona;g170;Sectors econòmics;t182;Allotjaments turístics;https://www.idescat.cat/pub/?id=turall&geo=mun:080193;2016;f218;Places de càmpings;0,0,270585;
160;13;Barcelonès;080193;Barcelona;g170;Sectors econòmics;t182;Allotjaments turístics;https://www.idescat.cat/pub/?id=turall&geo=mun:080193;2016;f219;Turisme rural;0,0,2403;
161;13;Barcelonès;080193;Barcelona;g170;Sectors econòmics;t182;Allotjaments turístics;https://www.idescat.cat/pub/?id=turall&geo=mun:080193;2016;f220;Places de turisme rural;0,0,18938;
162;13;Barcelonès;080193;Barcelona;g170;Sectors econòmics;t18;Parc de vehicles;https://www.idescat.cat/pub/?id=parcc&n=291&geo=mun:080193;2015;f19;Turismes;561416,774078,3360868;
163;13;Barcelonès;080193;Barcelona;g170;Sectors econòmics;t18;Parc de vehicles;https://www.idescat.cat/pub/?id=parcc&n=291&geo=mun:080193;2015;f325;Motocicletes;229377,275454,748927;
164;13;Barcelonès;080193;Barcelona;g170;Sectors econòmics;t18;Parc de vehicles;https://www.idescat.cat/pub/?id=parcc&n=291&geo=mun:080193;2015;f272;Vehicles industrials;101172,140026,790147;
165;13;Barcelonès;080193;Barcelona;g170;Sectors econòmics;t18;Parc de vehicles;https://www.idescat.cat/pub/?id=parcc&n=291&geo=mun:080193;2015;f326;Altres;17756,24157,152556;
166;13;Barcelonès;080193;Barcelona;g170;Sectors econòmics;t18;Parc de vehicles;https://www.idescat.cat/pub/?id=parcc&n=291&geo=mun:080193;2015;f163;Total;909721,1213715,5052498;
167;13;Barcelonès;080193;Barcelona;g169;Treball;t56;Població. Per relació amb l'activitat econòmica;https://www.idescat.cat/pub/?id=censph&n=270&geo=mun:080193;2011;f221;Població ocupada;681377,918933,3033916;
168;13;Barcelonès;080193;Barcelona;g169;Treball;t56;Població. Per relació amb l'activitat econòmica;https://www.idescat.cat/pub/?id=censph&n=270&geo=mun:080193;2011;f222;Població desocupada;188958,290343,1052138;
169;13;Barcelonès;080193;Barcelona;g169;Treball;t56;Població. Per relació amb l'activitat econòmica;https://www.idescat.cat/pub/?id=censph&n=270&geo=mun:080193;2011;f223;Població activa;870335,1209276,4086055;
170;13;Barcelonès;080193;Barcelona;g169;Treball;t56;Població. Per relació amb l'activitat econòmica;https://www.idescat.cat/pub/?id=censph&n=270&geo=mun:080193;2011;f60;Població inactiva;731598,1020346,3386882;
171;13;Barcelonès;080193;Barcelona;g169;Treball;t56;Població. Per relació amb l'activitat econòmica;https://www.idescat.cat/pub/?id=censph&n=270&geo=mun:080193;2011;f224;Població de 16 anys i més;1389336,1917145,6223448;
172;13;Barcelonès;080193;Barcelona;g169;Treball;t210;Afiliats a la Seguretat Social segons residència de l'afiliat;https://www.idescat.cat/pub/?id=afi&n=8604&geo=mun:080193;06/2017;f378;Homes;334550,465416,1710850;
173;13;Barcelonès;080193;Barcelona;g169;Treball;t210;Afiliats a la Seguretat Social segons residència de l'afiliat;https://www.idescat.cat/pub/?id=afi&n=8604&geo=mun:080193;06/2017;f379;Dones;325622,439054,1464148;
174;13;Barcelonès;080193;Barcelona;g169;Treball;t210;Afiliats a la Seguretat Social segons residència de l'afiliat;https://www.idescat.cat/pub/?id=afi&n=8604&geo=mun:080193;06/2017;f377;Total;660172,904470,3174998;
175;13;Barcelonès;080193;Barcelona;g169;Treball;t203;Afiliacions a la Seguretat Social segons residència de l'afiliat;https://www.idescat.cat/pub/?id=afi&n=8598&geo=mun:080193;06/2017;f363;Total;695870,952719,3319894;
176;13;Barcelonès;080193;Barcelona;g169;Treball;t183;Afiliacions al règim general de la S.S. segons ubicació del compte de cotització. Per sectors;https://www.idescat.cat/pub/?id=afic&n=8270&geo=mun:080193;06/2017;f273;Agricultura;311,317,9460;
177;13;Barcelonès;080193;Barcelona;g169;Treball;t183;Afiliacions al règim general de la S.S. segons ubicació del compte de cotització. Per sectors;https://www.idescat.cat/pub/?id=afic&n=8270&geo=mun:080193;06/2017;f278;Indústria;68460,85773,426886;
178;13;Barcelonès;080193;Barcelona;g169;Treball;t183;Afiliacions al règim general de la S.S. segons ubicació del compte de cotització. Per sectors;https://www.idescat.cat/pub/?id=afic&n=8270&geo=mun:080193;06/2017;f279;Construcció;24970,34700,125211;
179;13;Barcelonès;080193;Barcelona;g169;Treball;t183;Afiliacions al règim general de la S.S. segons ubicació del compte de cotització. Per sectors;https://www.idescat.cat/pub/?id=afic&n=8270&geo=mun:080193;06/2017;f280;Serveis;837563,952037,2081466;
180;13;Barcelonès;080193;Barcelona;g169;Treball;t183;Afiliacions al règim general de la S.S. segons ubicació del compte de cotització. Per sectors;https://www.idescat.cat/pub/?id=afic&n=8270&geo=mun:080193;06/2017;f282;Total;931304,1072827,2643023;
181;13;Barcelonès;080193;Barcelona;g169;Treball;t184;Afiliacions al règim d'autònoms de la S.S. segons ubicació del compte de cotització. Per sectors;https://www.idescat.cat/pub/?id=afic&n=8272&geo=mun:080193;06/2017;f229;Agricultura;185,223,23920;
182;13;Barcelonès;080193;Barcelona;g169;Treball;t184;Afiliacions al règim d'autònoms de la S.S. segons ubicació del compte de cotització. Per sectors;https://www.idescat.cat/pub/?id=afic&n=8272&geo=mun:080193;06/2017;f288;Indústria;6117,8373,47362;
183;13;Barcelonès;080193;Barcelona;g169;Treball;t184;Afiliacions al règim d'autònoms de la S.S. segons ubicació del compte de cotització. Per sectors;https://www.idescat.cat/pub/?id=afic&n=8272&geo=mun:080193;06/2017;f289;Construcció;8163,12390,66835;
184;13;Barcelonès;080193;Barcelona;g169;Treball;t184;Afiliacions al règim d'autònoms de la S.S. segons ubicació del compte de cotització. Per sectors;https://www.idescat.cat/pub/?id=afic&n=8272&geo=mun:080193;06/2017;f290;Serveis;105849,131486,413524;
185;13;Barcelonès;080193;Barcelona;g169;Treball;t184;Afiliacions al règim d'autònoms de la S.S. segons ubicació del compte de cotització. Per sectors;https://www.idescat.cat/pub/?id=afic&n=8272&geo=mun:080193;06/2017;f291;Total;120314,152472,551641;
186;13;Barcelonès;080193;Barcelona;g169;Treball;t185;Afiliacions al règim general de la S.S. segons ubicació del compte de cotització. Per grandària del centre;https://www.idescat.cat/pub/?id=afic&n=8271&geo=mun:080193;06/2017;f225;Fins a 50 treballadors;348713,410111,1243147;
187;13;Barcelonès;080193;Barcelona;g169;Treball;t185;Afiliacions al règim general de la S.S. segons ubicació del compte de cotització. Per grandària del centre;https://www.idescat.cat/pub/?id=afic&n=8271&geo=mun:080193;06/2017;f284;De 51 a 250 treballadors;194545,223109,619366;
188;13;Barcelonès;080193;Barcelona;g169;Treball;t185;Afiliacions al règim general de la S.S. segons ubicació del compte de cotització. Per grandària del centre;https://www.idescat.cat/pub/?id=afic&n=8271&geo=mun:080193;06/2017;f227;De 251 i més treballadors;388046,439607,780510;
189;13;Barcelonès;080193;Barcelona;g169;Treball;t185;Afiliacions al règim general de la S.S. segons ubicació del compte de cotització. Per grandària del centre;https://www.idescat.cat/pub/?id=afic&n=8271&geo=mun:080193;06/2017;f286;Total;931304,1072827,2643023;
190;13;Barcelonès;080193;Barcelona;g169;Treball;t186;Comptes de cotització;https://www.idescat.cat/pub/?id=afic&n=8273&geo=mun:080193;06/2017;f239;Total;75502,88890,260575;
191;13;Barcelonès;080193;Barcelona;g169;Treball;t209;Pensions contributives de la Seguretat Social segons la residència del pensionista;https://www.idescat.cat/pub/?id=pens&geo=mun:080193;2014;f375;Total;399145,542837,1639582;
192;13;Barcelonès;080193;Barcelona;g169;Treball;t209;Pensions contributives de la Seguretat Social segons la residència del pensionista;https://www.idescat.cat/pub/?id=pens&geo=mun:080193;2014;f376;Pensió mitjana;1016.27,993.65,915.81;euros
193;13;Barcelonès;080193;Barcelona;g169;Treball;t188;Atur registrat. Per sectors;https://www.idescat.cat/pub/?id=atureg&n=4302&geo=mun:080193;2016;f243;Agricultura;406.8,676.8,11905.9;
194;13;Barcelonès;080193;Barcelona;g169;Treball;t188;Atur registrat. Per sectors;https://www.idescat.cat/pub/?id=atureg&n=4302&geo=mun:080193;2016;f303;Indústria;6968.8,12187.7,59383.0;
195;13;Barcelonès;080193;Barcelona;g169;Treball;t188;Atur registrat. Per sectors;https://www.idescat.cat/pub/?id=atureg&n=4302&geo=mun:080193;2016;f304;Construcció;6419.0,12114.7,48195.4;
196;13;Barcelonès;080193;Barcelona;g169;Treball;t188;Atur registrat. Per sectors;https://www.idescat.cat/pub/?id=atureg&n=4302&geo=mun:080193;2016;f305;Serveis;65051.4,97561.5,321094.6;
197;13;Barcelonès;080193;Barcelona;g169;Treball;t188;Atur registrat. Per sectors;https://www.idescat.cat/pub/?id=atureg&n=4302&geo=mun:080193;2016;f307;Sense ocupació anterior;3751.0,7140.9,30026.3;
198;13;Barcelonès;080193;Barcelona;g169;Treball;t188;Atur registrat. Per sectors;https://www.idescat.cat/pub/?id=atureg&n=4302&geo=mun:080193;2016;f308;Total;82597.1,129681.6,470605.3;
199;13;Barcelonès;080193;Barcelona;g169;Treball;t187;Atur registrat. Per sexe;https://www.idescat.cat/pub/?id=atureg&n=4299&geo=mun:080193;2016;f240;Homes;38779.5,61221.8,215713.5;
200;13;Barcelonès;080193;Barcelona;g169;Treball;t187;Atur registrat. Per sexe;https://www.idescat.cat/pub/?id=atureg&n=4299&geo=mun:080193;2016;f241;Dones;43817.6,68459.8,254891.7;
201;13;Barcelonès;080193;Barcelona;g169;Treball;t187;Atur registrat. Per sexe;https://www.idescat.cat/pub/?id=atureg&n=4299&geo=mun:080193;2016;f242;Total;82597.1,129681.6,470605.2;
202;13;Barcelonès;080193;Barcelona;g172;Cultura i esports;t90;Població de 2 anys i més. Per coneixement del català;https://www.idescat.cat/pub/?id=censph&n=17&geo=mun:080193;2011;f91;L'entén;1501262,2058268,6949344;
203;13;Barcelonès;080193;Barcelona;g172;Cultura i esports;t90;Població de 2 anys i més. Per coneixement del català;https://www.idescat.cat/pub/?id=censph&n=17&geo=mun:080193;2011;f92;El sap parlar;1137816,1487946,5345484;
204;13;Barcelonès;080193;Barcelona;g172;Cultura i esports;t90;Població de 2 anys i més. Per coneixement del català;https://www.idescat.cat/pub/?id=censph&n=17&geo=mun:080193;2011;f93;El sap llegir;1246555,1653636,5750348;
205;13;Barcelonès;080193;Barcelona;g172;Cultura i esports;t90;Població de 2 anys i més. Per coneixement del català;https://www.idescat.cat/pub/?id=censph&n=17&geo=mun:080193;2011;f94;El sap escriure;835080,1092694,4069219;
206;13;Barcelonès;080193;Barcelona;g172;Cultura i esports;t90;Població de 2 anys i més. Per coneixement del català;https://www.idescat.cat/pub/?id=censph&n=17&geo=mun:080193;2011;f95;No l'entén;72056,129239,356728;
207;13;Barcelonès;080193;Barcelona;g172;Cultura i esports;t90;Població de 2 anys i més. Per coneixement del català;https://www.idescat.cat/pub/?id=censph&n=17&geo=mun:080193;2011;f96;Total;1573318,2187508,7306072;
208;13;Barcelonès;080193;Barcelona;g172;Cultura i esports;t156;Biblioteques;https://www.idescat.cat/pub/?id=bib&n=327&geo=mun:080193;2014;f270;Públiques;41,60,437;
209;13;Barcelonès;080193;Barcelona;g172;Cultura i esports;t156;Biblioteques;https://www.idescat.cat/pub/?id=bib&n=327&geo=mun:080193;2014;f327;Altres;167,175,402;
210;13;Barcelonès;080193;Barcelona;g172;Cultura i esports;t156;Biblioteques;https://www.idescat.cat/pub/?id=bib&n=327&geo=mun:080193;2014;f177;Total;208,235,839;
211;13;Barcelonès;080193;Barcelona;g172;Cultura i esports;t175;Espais esportius;https://www.idescat.cat/pub/?id=eesp&n=4332&geo=mun:080193;2016;f293;Pavellons;83,124,931;
212;13;Barcelonès;080193;Barcelona;g172;Cultura i esports;t175;Espais esportius;https://www.idescat.cat/pub/?id=eesp&n=4332&geo=mun:080193;2016;f294;Pistes poliesportives;571,879,5566;
213;13;Barcelonès;080193;Barcelona;g172;Cultura i esports;t175;Espais esportius;https://www.idescat.cat/pub/?id=eesp&n=4332&geo=mun:080193;2016;f295;Camps poliesportius;88,139,1605;
214;13;Barcelonès;080193;Barcelona;g172;Cultura i esports;t175;Espais esportius;https://www.idescat.cat/pub/?id=eesp&n=4332&geo=mun:080193;2016;f296;Sales esportives;1166,1608,6849;
215;13;Barcelonès;080193;Barcelona;g172;Cultura i esports;t175;Espais esportius;https://www.idescat.cat/pub/?id=eesp&n=4332&geo=mun:080193;2016;f301;Piscines cobertes;147,186,772;
216;13;Barcelonès;080193;Barcelona;g172;Cultura i esports;t175;Espais esportius;https://www.idescat.cat/pub/?id=eesp&n=4332&geo=mun:080193;2016;f302;Pistes d'atletisme;9,13,91;
217;13;Barcelonès;080193;Barcelona;g172;Cultura i esports;t175;Espais esportius;https://www.idescat.cat/pub/?id=eesp&n=4332&geo=mun:080193;2016;f299;Altres espais;1459,1979,20854;
218;13;Barcelonès;080193;Barcelona;g172;Cultura i esports;t175;Espais esportius;https://www.idescat.cat/pub/?id=eesp&n=4332&geo=mun:080193;2016;f300;Total;4173,5746,42681;
219;13;Barcelonès;080193;Barcelona;g174;Eleccions;t148;Eleccions municipals;https://www.idescat.cat/pub/?id=elem&n=391&geo=mun:080193;2015;f266;Electors;1161140,1597424,5376553;
220;13;Barcelonès;080193;Barcelona;g174;Eleccions;t148;Eleccions municipals;https://www.idescat.cat/pub/?id=elem&n=391&geo=mun:080193;2015;f149;Participació;60.6,59.0,58.5;%
221;13;Barcelonès;080193;Barcelona;g174;Eleccions;t189;Eleccions al Parlament de Catalunya;https://www.idescat.cat/pub/?id=elepc&n=389&geo=mun:080193;2015;f267;Electors;1141061,1576027,5510853;
222;13;Barcelonès;080193;Barcelona;g174;Eleccions;t189;Eleccions al Parlament de Catalunya;https://www.idescat.cat/pub/?id=elepc&n=389&geo=mun:080193;2015;f254;Participació;77.1,76.1,74.9;%
223;13;Barcelonès;080193;Barcelona;g174;Eleccions;t190;Eleccions al Congrés dels Diputats;https://www.idescat.cat/pub/?id=elecd&n=385&geo=mun:080193;2011;f268;Electors;1143225,1572145,5252504;
224;13;Barcelonès;080193;Barcelona;g174;Eleccions;t190;Eleccions al Congrés dels Diputats;https://www.idescat.cat/pub/?id=elecd&n=385&geo=mun:080193;2011;f255;Participació;68.1,67.3,66.8;%
225;13;Barcelonès;080193;Barcelona;g174;Eleccions;t191;Eleccions al Parlament Europeu;https://www.idescat.cat/pub/?id=elepe&n=390&geo=mun:080193;2014;f269;Electors;1145488,1575670,5318296;
226;13;Barcelonès;080193;Barcelona;g174;Eleccions;t191;Eleccions al Parlament Europeu;https://www.idescat.cat/pub/?id=elepe&n=390&geo=mun:080193;2014;f256;Participació;51.0,48.8,47.6;%
227;13;Barcelonès;080193;Barcelona;g205;Medi ambient;t204;Residus municipals;https://www.idescat.cat/pub/?id=resmc&n=6997&geo=mun:080193;2015;f366;Generació per càpita;1.27,1.20,1.35;kg/hab./dia
228;13;Barcelonès;080193;Barcelona;g205;Medi ambient;t204;Residus municipals;https://www.idescat.cat/pub/?id=resmc&n=6997&geo=mun:080193;2015;f368;Recollida selectiva;36.2,33.0,38.9;%
229;13;Barcelonès;080193;Barcelona;g205;Medi ambient;t207;Residus industrials;https://www.idescat.cat/pub/?id=resic&geo=mun:080193;2015;f371;Establiments amb declaració anual de residus;720,1391,14236;
230;13;Barcelonès;080193;Barcelona;g205;Medi ambient;t207;Residus industrials;https://www.idescat.cat/pub/?id=resic&geo=mun:080193;2015;f369;Generació de residus;189095.46,236090.53,3588286.30;tones
